{
  "FruitCNN_Gray_MaxPool": {
    "fp32": {
      "accuracy": 0.9501831501831501,
      "size_mb": 9.101313591003418,
      "time_sec": 3.437627600011183
    },
    "int8": {
      "accuracy": 0.9501831501831501,
      "size_mb": 2.3467206954956055,
      "time_sec": 3.3661819999979343
    },
    "domains": {
      "FR360": {
        "fp32": {
          "accuracy": 0.9501831501831501,
          "time_sec": 3.437627600011183
        },
        "int8": {
          "accuracy": 0.9501831501831501,
          "time_sec": 3.3661819999979343
        }
      },
      "Fresh": {
        "fp32": {
          "accuracy": 0.275,
          "time_sec": 3.464438599999994
        },
        "int8": {
          "accuracy": 0.275,
          "time_sec": 3.3075826999847777
        }
      },
      "F262": {
        "fp32": {
          "accuracy": 0.20952380952380953,
          "time_sec": 2.820991100015817
        },
        "int8": {
          "accuracy": 0.20952380952380953,
          "time_sec": 2.6781824000063352
        }
      }
    }
  }
}