{
  "model": "Grayscale MaxPool — F262 (CNN)",
  "accuracy": 0.20952380952380953,
  "classification_report": {
    "Apple Red 1": {
      "precision": 0.0,
      "recall": 0.0,
      "f1-score": 0.0,
      "support": 0.0
    },
    "Avocado 1": {
      "precision": 0.2608695652173913,
      "recall": 0.05084745762711865,
      "f1-score": 0.0851063829787234,
      "support": 236.0
    },
    "Banana 1": {
      "precision": 0.0,
      "recall": 0.0,
      "f1-score": 0.0,
      "support": 0.0
    },
    "Kiwi 1": {
      "precision": 0.3333333333333333,
      "recall": 0.009900990099009901,
      "f1-score": 0.019230769230769232,
      "support": 202.0
    },
    "Orange 1": {
      "precision": 0.0,
      "recall": 0.0,
      "f1-score": 0.0,
      "support": 0.0
    },
    "Pineapple 1": {
      "precision": 0.253125,
      "recall": 0.7714285714285715,
      "f1-score": 0.3811764705882353,
      "support": 210.0
    },
    "Strawberry 1": {
      "precision": 0.17886178861788618,
      "recall": 0.21782178217821782,
      "f1-score": 0.19642857142857142,
      "support": 202.0
    },
    "Tomato 1": {
      "precision": 0.0,
      "recall": 0.0,
      "f1-score": 0.0,
      "support": 200.0
    },
    "micro avg": {
      "precision": 0.20952380952380953,
      "recall": 0.20952380952380953,
      "f1-score": 0.20952380952380953,
      "support": 1050.0
    },
    "macro avg": {
      "precision": 0.12827371089607637,
      "recall": 0.13124985016661472,
      "f1-score": 0.08524277427828741,
      "support": 1050.0
    },
    "weighted avg": {
      "precision": 0.20779512573852446,
      "recall": 0.20952380952380953,
      "f1-score": 0.13685271620923328,
      "support": 1050.0
    }
  },
  "confusion_matrix_raw": [
    [
      0,
      0,
      0,
      0,
      0,
      0,
      0,
      0
    ],
    [
      8,
      12,
      26,
      2,
      0,
      124,
      64,
      0
    ],
    [
      0,
      0,
      0,
      0,
      0,
      0,
      0,
      0
    ],
    [
      6,
      4,
      26,
      2,
      0,
      98,
      66,
      0
    ],
    [
      0,
      0,
      0,
      0,
      0,
      0,
      0,
      0
    ],
    [
      0,
      12,
      10,
      0,
      0,
      162,
      26,
      0
    ],
    [
      0,
      8,
      8,
      0,
      0,
      142,
      44,
      0
    ],
    [
      2,
      10,
      26,
      2,
      0,
      114,
      46,
      0
    ]
  ],
  "confusion_matrix_norm": [
    [
      0.0,
      0.0,
      0.0,
      0.0,
      0.0,
      0.0,
      0.0,
      0.0
    ],
    [
      0.03389830508474576,
      0.05084745762711865,
      0.11016949152542373,
      0.00847457627118644,
      0.0,
      0.5254237288135594,
      0.2711864406779661,
      0.0
    ],
    [
      0.0,
      0.0,
      0.0,
      0.0,
      0.0,
      0.0,
      0.0,
      0.0
    ],
    [
      0.0297029702970297,
      0.019801980198019802,
      0.12871287128712872,
      0.009900990099009901,
      0.0,
      0.48514851485148514,
      0.32673267326732675,
      0.0
    ],
    [
      0.0,
      0.0,
      0.0,
      0.0,
      0.0,
      0.0,
      0.0,
      0.0
    ],
    [
      0.0,
      0.05714285714285714,
      0.047619047619047616,
      0.0,
      0.0,
      0.7714285714285715,
      0.12380952380952381,
      0.0
    ],
    [
      0.0,
      0.039603960396039604,
      0.039603960396039604,
      0.0,
      0.0,
      0.7029702970297029,
      0.21782178217821782,
      0.0
    ],
    [
      0.01,
      0.05,
      0.13,
      0.01,
      0.0,
      0.57,
      0.23,
      0.0
    ]
  ],
  "class_names": [
    "Apple Red 1",
    "Avocado 1",
    "Banana 1",
    "Kiwi 1",
    "Orange 1",
    "Pineapple 1",
    "Strawberry 1",
    "Tomato 1"
  ]
}