{
  "model": "Grayscale MaxPool — Fresh (CNN)",
  "accuracy": 0.275,
  "classification_report": {
    "Apple Red 1": {
      "precision": 0.2916666666666667,
      "recall": 0.035,
      "f1-score": 0.06250000000000001,
      "support": 200.0
    },
    "Avocado 1": {
      "precision": 0.0,
      "recall": 0.0,
      "f1-score": 0.0,
      "support": 0.0
    },
    "Banana 1": {
      "precision": 0.5656934306569343,
      "recall": 0.775,
      "f1-score": 0.6540084388185654,
      "support": 200.0
    },
    "Kiwi 1": {
      "precision": 0.0,
      "recall": 0.0,
      "f1-score": 0.0,
      "support": 0.0
    },
    "Orange 1": {
      "precision": 0.6,
      "recall": 0.015,
      "f1-score": 0.029268292682926828,
      "support": 200.0
    },
    "Pineapple 1": {
      "precision": 0.0,
      "recall": 0.0,
      "f1-score": 0.0,
      "support": 0.0
    },
    "Strawberry 1": {
      "precision": 0.0,
      "recall": 0.0,
      "f1-score": 0.0,
      "support": 0.0
    },
    "Tomato 1": {
      "precision": 0.0,
      "recall": 0.0,
      "f1-score": 0.0,
      "support": 0.0
    },
    "accuracy": 0.275,
    "macro avg": {
      "precision": 0.18217001216545015,
      "recall": 0.10312500000000001,
      "f1-score": 0.09322209143768653,
      "support": 600.0
    },
    "weighted avg": {
      "precision": 0.48578669910786704,
      "recall": 0.275,
      "f1-score": 0.24859224383383074,
      "support": 600.0
    }
  },
  "confusion_matrix_raw": [
    [
      7,
      39,
      73,
      11,
      1,
      0,
      45,
      24
    ],
    [
      0,
      0,
      0,
      0,
      0,
      0,
      0,
      0
    ],
    [
      3,
      20,
      155,
      2,
      1,
      3,
      15,
      1
    ],
    [
      0,
      0,
      0,
      0,
      0,
      0,
      0,
      0
    ],
    [
      14,
      43,
      46,
      28,
      3,
      5,
      39,
      22
    ],
    [
      0,
      0,
      0,
      0,
      0,
      0,
      0,
      0
    ],
    [
      0,
      0,
      0,
      0,
      0,
      0,
      0,
      0
    ],
    [
      0,
      0,
      0,
      0,
      0,
      0,
      0,
      0
    ]
  ],
  "confusion_matrix_norm": [
    [
      0.035,
      0.195,
      0.365,
      0.055,
      0.005,
      0.0,
      0.225,
      0.12
    ],
    [
      0.0,
      0.0,
      0.0,
      0.0,
      0.0,
      0.0,
      0.0,
      0.0
    ],
    [
      0.015,
      0.1,
      0.775,
      0.01,
      0.005,
      0.015,
      0.075,
      0.005
    ],
    [
      0.0,
      0.0,
      0.0,
      0.0,
      0.0,
      0.0,
      0.0,
      0.0
    ],
    [
      0.07,
      0.215,
      0.23,
      0.14,
      0.015,
      0.025,
      0.195,
      0.11
    ],
    [
      0.0,
      0.0,
      0.0,
      0.0,
      0.0,
      0.0,
      0.0,
      0.0
    ],
    [
      0.0,
      0.0,
      0.0,
      0.0,
      0.0,
      0.0,
      0.0,
      0.0
    ],
    [
      0.0,
      0.0,
      0.0,
      0.0,
      0.0,
      0.0,
      0.0,
      0.0
    ]
  ],
  "class_names": [
    "Apple Red 1",
    "Avocado 1",
    "Banana 1",
    "Kiwi 1",
    "Orange 1",
    "Pineapple 1",
    "Strawberry 1",
    "Tomato 1"
  ]
}