{
  "model": "MobileNetV2 Grayscale Adaptive",
  "accuracy": 0.8681318681318682,
  "classification_report": {
    "Apple Red 1": {
      "precision": 1.0,
      "recall": 1.0,
      "f1-score": 1.0,
      "support": 164.0
    },
    "Avocado 1": {
      "precision": 1.0,
      "recall": 1.0,
      "f1-score": 1.0,
      "support": 143.0
    },
    "Banana 1": {
      "precision": 0.8736842105263158,
      "recall": 1.0,
      "f1-score": 0.9325842696629213,
      "support": 166.0
    },
    "Kiwi 1": {
      "precision": 0.0,
      "recall": 0.0,
      "f1-score": 0.0,
      "support": 156.0
    },
    "Orange 1": {
      "precision": 0.5536332179930796,
      "recall": 1.0,
      "f1-score": 0.7126948775055679,
      "support": 160.0
    },
    "Pineapple 1": {
      "precision": 0.8601036269430051,
      "recall": 1.0,
      "f1-score": 0.924791086350975,
      "support": 166.0
    },
    "Strawberry 1": {
      "precision": 1.0,
      "recall": 0.8536585365853658,
      "f1-score": 0.9210526315789473,
      "support": 164.0
    },
    "Tomato 1": {
      "precision": 1.0,
      "recall": 1.0,
      "f1-score": 1.0,
      "support": 246.0
    },
    "accuracy": 0.8681318681318682,
    "macro avg": {
      "precision": 0.7859276319328001,
      "recall": 0.8567073170731707,
      "f1-score": 0.8113903581373014,
      "support": 1365.0
    },
    "weighted avg": {
      "precision": 0.8010183852738461,
      "recall": 0.8681318681318682,
      "f1-score": 0.8252074147092638,
      "support": 1365.0
    }
  },
  "confusion_matrix_raw": [
    [
      164,
      0,
      0,
      0,
      0,
      0,
      0,
      0
    ],
    [
      0,
      143,
      0,
      0,
      0,
      0,
      0,
      0
    ],
    [
      0,
      0,
      166,
      0,
      0,
      0,
      0,
      0
    ],
    [
      0,
      0,
      0,
      0,
      129,
      27,
      0,
      0
    ],
    [
      0,
      0,
      0,
      0,
      160,
      0,
      0,
      0
    ],
    [
      0,
      0,
      0,
      0,
      0,
      166,
      0,
      0
    ],
    [
      0,
      0,
      24,
      0,
      0,
      0,
      140,
      0
    ],
    [
      0,
      0,
      0,
      0,
      0,
      0,
      0,
      246
    ]
  ],
  "confusion_matrix_norm": [
    [
      1.0,
      0.0,
      0.0,
      0.0,
      0.0,
      0.0,
      0.0,
      0.0
    ],
    [
      0.0,
      1.0,
      0.0,
      0.0,
      0.0,
      0.0,
      0.0,
      0.0
    ],
    [
      0.0,
      0.0,
      1.0,
      0.0,
      0.0,
      0.0,
      0.0,
      0.0
    ],
    [
      0.0,
      0.0,
      0.0,
      0.0,
      0.8269230769230769,
      0.17307692307692307,
      0.0,
      0.0
    ],
    [
      0.0,
      0.0,
      0.0,
      0.0,
      1.0,
      0.0,
      0.0,
      0.0
    ],
    [
      0.0,
      0.0,
      0.0,
      0.0,
      0.0,
      1.0,
      0.0,
      0.0
    ],
    [
      0.0,
      0.0,
      0.14634146341463414,
      0.0,
      0.0,
      0.0,
      0.8536585365853658,
      0.0
    ],
    [
      0.0,
      0.0,
      0.0,
      0.0,
      0.0,
      0.0,
      0.0,
      1.0
    ]
  ],
  "class_names": [
    "Apple Red 1",
    "Avocado 1",
    "Banana 1",
    "Kiwi 1",
    "Orange 1",
    "Pineapple 1",
    "Strawberry 1",
    "Tomato 1"
  ]
}