{
  "model": "MobileNetV2 Grayscale Adaptive",
  "accuracy": 0.9684981684981685,
  "classification_report": {
    "Apple Red 1": {
      "precision": 0.8723404255319149,
      "recall": 1.0,
      "f1-score": 0.9318181818181818,
      "support": 164.0
    },
    "Avocado 1": {
      "precision": 1.0,
      "recall": 0.993006993006993,
      "f1-score": 0.9964912280701754,
      "support": 143.0
    },
    "Banana 1": {
      "precision": 1.0,
      "recall": 1.0,
      "f1-score": 1.0,
      "support": 166.0
    },
    "Kiwi 1": {
      "precision": 1.0,
      "recall": 0.7307692307692307,
      "f1-score": 0.8444444444444444,
      "support": 156.0
    },
    "Orange 1": {
      "precision": 0.898876404494382,
      "recall": 1.0,
      "f1-score": 0.9467455621301775,
      "support": 160.0
    },
    "Pineapple 1": {
      "precision": 0.9940119760479041,
      "recall": 1.0,
      "f1-score": 0.996996996996997,
      "support": 166.0
    },
    "Strawberry 1": {
      "precision": 1.0,
      "recall": 1.0,
      "f1-score": 1.0,
      "support": 164.0
    },
    "Tomato 1": {
      "precision": 1.0,
      "recall": 1.0,
      "f1-score": 1.0,
      "support": 246.0
    },
    "accuracy": 0.9684981684981685,
    "macro avg": {
      "precision": 0.9706536007592752,
      "recall": 0.9654720279720279,
      "f1-score": 0.964562051682497,
      "support": 1365.0
    },
    "weighted avg": {
      "precision": 0.9720806172383056,
      "recall": 0.9684981684981685,
      "f1-score": 0.9670553496028427,
      "support": 1365.0
    }
  },
  "confusion_matrix_raw": [
    [
      164,
      0,
      0,
      0,
      0,
      0,
      0,
      0
    ],
    [
      1,
      142,
      0,
      0,
      0,
      0,
      0,
      0
    ],
    [
      0,
      0,
      166,
      0,
      0,
      0,
      0,
      0
    ],
    [
      23,
      0,
      0,
      114,
      18,
      1,
      0,
      0
    ],
    [
      0,
      0,
      0,
      0,
      160,
      0,
      0,
      0
    ],
    [
      0,
      0,
      0,
      0,
      0,
      166,
      0,
      0
    ],
    [
      0,
      0,
      0,
      0,
      0,
      0,
      164,
      0
    ],
    [
      0,
      0,
      0,
      0,
      0,
      0,
      0,
      246
    ]
  ],
  "confusion_matrix_norm": [
    [
      1.0,
      0.0,
      0.0,
      0.0,
      0.0,
      0.0,
      0.0,
      0.0
    ],
    [
      0.006993006993006993,
      0.993006993006993,
      0.0,
      0.0,
      0.0,
      0.0,
      0.0,
      0.0
    ],
    [
      0.0,
      0.0,
      1.0,
      0.0,
      0.0,
      0.0,
      0.0,
      0.0
    ],
    [
      0.14743589743589744,
      0.0,
      0.0,
      0.7307692307692307,
      0.11538461538461539,
      0.00641025641025641,
      0.0,
      0.0
    ],
    [
      0.0,
      0.0,
      0.0,
      0.0,
      1.0,
      0.0,
      0.0,
      0.0
    ],
    [
      0.0,
      0.0,
      0.0,
      0.0,
      0.0,
      1.0,
      0.0,
      0.0
    ],
    [
      0.0,
      0.0,
      0.0,
      0.0,
      0.0,
      0.0,
      1.0,
      0.0
    ],
    [
      0.0,
      0.0,
      0.0,
      0.0,
      0.0,
      0.0,
      0.0,
      1.0
    ]
  ],
  "class_names": [
    "Apple Red 1",
    "Avocado 1",
    "Banana 1",
    "Kiwi 1",
    "Orange 1",
    "Pineapple 1",
    "Strawberry 1",
    "Tomato 1"
  ]
}