{
  "model": "MobileNetV2 Grayscale Adaptive",
  "accuracy": 0.9362637362637363,
  "classification_report": {
    "Apple Red 1": {
      "precision": 0.8324873096446701,
      "recall": 1.0,
      "f1-score": 0.9085872576177285,
      "support": 164.0
    },
    "Avocado 1": {
      "precision": 1.0,
      "recall": 1.0,
      "f1-score": 1.0,
      "support": 143.0
    },
    "Banana 1": {
      "precision": 0.9651162790697675,
      "recall": 1.0,
      "f1-score": 0.9822485207100592,
      "support": 166.0
    },
    "Kiwi 1": {
      "precision": 1.0,
      "recall": 0.4423076923076923,
      "f1-score": 0.6133333333333333,
      "support": 156.0
    },
    "Orange 1": {
      "precision": 0.8421052631578947,
      "recall": 1.0,
      "f1-score": 0.9142857142857143,
      "support": 160.0
    },
    "Pineapple 1": {
      "precision": 0.9021739130434783,
      "recall": 1.0,
      "f1-score": 0.9485714285714286,
      "support": 166.0
    },
    "Strawberry 1": {
      "precision": 1.0,
      "recall": 1.0,
      "f1-score": 1.0,
      "support": 164.0
    },
    "Tomato 1": {
      "precision": 1.0,
      "recall": 1.0,
      "f1-score": 1.0,
      "support": 246.0
    },
    "accuracy": 0.9362637362637363,
    "macro avg": {
      "precision": 0.9427353456144764,
      "recall": 0.9302884615384616,
      "f1-score": 0.920878281814783,
      "support": 1365.0
    },
    "weighted avg": {
      "precision": 0.9452270569800644,
      "recall": 0.9362637362637363,
      "f1-score": 0.9263664000847976,
      "support": 1365.0
    }
  },
  "confusion_matrix_raw": [
    [
      164,
      0,
      0,
      0,
      0,
      0,
      0,
      0
    ],
    [
      0,
      143,
      0,
      0,
      0,
      0,
      0,
      0
    ],
    [
      0,
      0,
      166,
      0,
      0,
      0,
      0,
      0
    ],
    [
      33,
      0,
      6,
      69,
      30,
      18,
      0,
      0
    ],
    [
      0,
      0,
      0,
      0,
      160,
      0,
      0,
      0
    ],
    [
      0,
      0,
      0,
      0,
      0,
      166,
      0,
      0
    ],
    [
      0,
      0,
      0,
      0,
      0,
      0,
      164,
      0
    ],
    [
      0,
      0,
      0,
      0,
      0,
      0,
      0,
      246
    ]
  ],
  "confusion_matrix_norm": [
    [
      1.0,
      0.0,
      0.0,
      0.0,
      0.0,
      0.0,
      0.0,
      0.0
    ],
    [
      0.0,
      1.0,
      0.0,
      0.0,
      0.0,
      0.0,
      0.0,
      0.0
    ],
    [
      0.0,
      0.0,
      1.0,
      0.0,
      0.0,
      0.0,
      0.0,
      0.0
    ],
    [
      0.21153846153846154,
      0.0,
      0.038461538461538464,
      0.4423076923076923,
      0.19230769230769232,
      0.11538461538461539,
      0.0,
      0.0
    ],
    [
      0.0,
      0.0,
      0.0,
      0.0,
      1.0,
      0.0,
      0.0,
      0.0
    ],
    [
      0.0,
      0.0,
      0.0,
      0.0,
      0.0,
      1.0,
      0.0,
      0.0
    ],
    [
      0.0,
      0.0,
      0.0,
      0.0,
      0.0,
      0.0,
      1.0,
      0.0
    ],
    [
      0.0,
      0.0,
      0.0,
      0.0,
      0.0,
      0.0,
      0.0,
      1.0
    ]
  ],
  "class_names": [
    "Apple Red 1",
    "Avocado 1",
    "Banana 1",
    "Kiwi 1",
    "Orange 1",
    "Pineapple 1",
    "Strawberry 1",
    "Tomato 1"
  ]
}