{
  "model": "MobileNetV2 RGB With Noise",
  "accuracy": 0.884981684981685,
  "classification_report": {
    "Apple Red 1": {
      "precision": 0.9879518072289156,
      "recall": 1.0,
      "f1-score": 0.9939393939393939,
      "support": 164.0
    },
    "Avocado 1": {
      "precision": 0.5238095238095238,
      "recall": 1.0,
      "f1-score": 0.6875,
      "support": 143.0
    },
    "Banana 1": {
      "precision": 1.0,
      "recall": 0.9939759036144579,
      "f1-score": 0.9969788519637462,
      "support": 166.0
    },
    "Kiwi 1": {
      "precision": 0.0,
      "recall": 0.0,
      "f1-score": 0.0,
      "support": 156.0
    },
    "Orange 1": {
      "precision": 0.9696969696969697,
      "recall": 1.0,
      "f1-score": 0.9846153846153847,
      "support": 160.0
    },
    "Pineapple 1": {
      "precision": 0.8924731182795699,
      "recall": 1.0,
      "f1-score": 0.9431818181818182,
      "support": 166.0
    },
    "Strawberry 1": {
      "precision": 1.0,
      "recall": 1.0,
      "f1-score": 1.0,
      "support": 164.0
    },
    "Tomato 1": {
      "precision": 1.0,
      "recall": 1.0,
      "f1-score": 1.0,
      "support": 246.0
    },
    "accuracy": 0.884981684981685,
    "macro avg": {
      "precision": 0.7967414273768724,
      "recall": 0.8742469879518072,
      "f1-score": 0.8257769310875429,
      "support": 1365.0
    },
    "weighted avg": {
      "precision": 0.8177515832060277,
      "recall": 0.884981684981685,
      "f1-score": 0.8431675409440923,
      "support": 1365.0
    }
  },
  "confusion_matrix_raw": [
    [
      164,
      0,
      0,
      0,
      0,
      0,
      0,
      0
    ],
    [
      0,
      143,
      0,
      0,
      0,
      0,
      0,
      0
    ],
    [
      0,
      1,
      165,
      0,
      0,
      0,
      0,
      0
    ],
    [
      2,
      129,
      0,
      0,
      5,
      20,
      0,
      0
    ],
    [
      0,
      0,
      0,
      0,
      160,
      0,
      0,
      0
    ],
    [
      0,
      0,
      0,
      0,
      0,
      166,
      0,
      0
    ],
    [
      0,
      0,
      0,
      0,
      0,
      0,
      164,
      0
    ],
    [
      0,
      0,
      0,
      0,
      0,
      0,
      0,
      246
    ]
  ],
  "confusion_matrix_norm": [
    [
      1.0,
      0.0,
      0.0,
      0.0,
      0.0,
      0.0,
      0.0,
      0.0
    ],
    [
      0.0,
      1.0,
      0.0,
      0.0,
      0.0,
      0.0,
      0.0,
      0.0
    ],
    [
      0.0,
      0.006024096385542169,
      0.9939759036144579,
      0.0,
      0.0,
      0.0,
      0.0,
      0.0
    ],
    [
      0.01282051282051282,
      0.8269230769230769,
      0.0,
      0.0,
      0.03205128205128205,
      0.1282051282051282,
      0.0,
      0.0
    ],
    [
      0.0,
      0.0,
      0.0,
      0.0,
      1.0,
      0.0,
      0.0,
      0.0
    ],
    [
      0.0,
      0.0,
      0.0,
      0.0,
      0.0,
      1.0,
      0.0,
      0.0
    ],
    [
      0.0,
      0.0,
      0.0,
      0.0,
      0.0,
      0.0,
      1.0,
      0.0
    ],
    [
      0.0,
      0.0,
      0.0,
      0.0,
      0.0,
      0.0,
      0.0,
      1.0
    ]
  ],
  "class_names": [
    "Apple Red 1",
    "Avocado 1",
    "Banana 1",
    "Kiwi 1",
    "Orange 1",
    "Pineapple 1",
    "Strawberry 1",
    "Tomato 1"
  ]
}