{
  "model": "MobileNetV2 RGB Clean — F262",
  "accuracy": 0.14666666666666667,
  "classification_report": {
    "Apple Red 1": {
      "precision": 0.0,
      "recall": 0.0,
      "f1-score": 0.0,
      "support": 0.0
    },
    "Avocado 1": {
      "precision": 0.6666666666666666,
      "recall": 0.01694915254237288,
      "f1-score": 0.03305785123966942,
      "support": 236.0
    },
    "Banana 1": {
      "precision": 0.0,
      "recall": 0.0,
      "f1-score": 0.0,
      "support": 0.0
    },
    "Kiwi 1": {
      "precision": 0.0,
      "recall": 0.0,
      "f1-score": 0.0,
      "support": 202.0
    },
    "Orange 1": {
      "precision": 0.0,
      "recall": 0.0,
      "f1-score": 0.0,
      "support": 0.0
    },
    "Pineapple 1": {
      "precision": 0.33175355450236965,
      "recall": 0.6666666666666666,
      "f1-score": 0.4430379746835443,
      "support": 210.0
    },
    "Strawberry 1": {
      "precision": 0.23809523809523808,
      "recall": 0.04950495049504951,
      "f1-score": 0.0819672131147541,
      "support": 202.0
    },
    "Tomato 1": {
      "precision": 0.0,
      "recall": 0.0,
      "f1-score": 0.0,
      "support": 200.0
    },
    "accuracy": 0.14666666666666667,
    "macro avg": {
      "precision": 0.1545644324080343,
      "recall": 0.09164009621301113,
      "f1-score": 0.06975787987974598,
      "support": 1050.0
    },
    "weighted avg": {
      "precision": 0.2619969694038753,
      "recall": 0.14666666666666667,
      "f1-score": 0.11180667107170153,
      "support": 1050.0
    }
  },
  "confusion_matrix_raw": [
    [
      0,
      0,
      0,
      0,
      0,
      0,
      0,
      0
    ],
    [
      2,
      4,
      156,
      0,
      2,
      66,
      6,
      0
    ],
    [
      0,
      0,
      0,
      0,
      0,
      0,
      0,
      0
    ],
    [
      0,
      2,
      146,
      0,
      0,
      50,
      4,
      0
    ],
    [
      0,
      0,
      0,
      0,
      0,
      0,
      0,
      0
    ],
    [
      0,
      0,
      68,
      2,
      0,
      140,
      0,
      0
    ],
    [
      4,
      0,
      94,
      0,
      0,
      94,
      10,
      0
    ],
    [
      14,
      0,
      92,
      0,
      0,
      72,
      22,
      0
    ]
  ],
  "confusion_matrix_norm": [
    [
      0.0,
      0.0,
      0.0,
      0.0,
      0.0,
      0.0,
      0.0,
      0.0
    ],
    [
      0.00847457627118644,
      0.01694915254237288,
      0.6610169491525424,
      0.0,
      0.00847457627118644,
      0.2796610169491525,
      0.025423728813559324,
      0.0
    ],
    [
      0.0,
      0.0,
      0.0,
      0.0,
      0.0,
      0.0,
      0.0,
      0.0
    ],
    [
      0.0,
      0.009900990099009901,
      0.7227722772277227,
      0.0,
      0.0,
      0.24752475247524752,
      0.019801980198019802,
      0.0
    ],
    [
      0.0,
      0.0,
      0.0,
      0.0,
      0.0,
      0.0,
      0.0,
      0.0
    ],
    [
      0.0,
      0.0,
      0.3238095238095238,
      0.009523809523809525,
      0.0,
      0.6666666666666666,
      0.0,
      0.0
    ],
    [
      0.019801980198019802,
      0.0,
      0.46534653465346537,
      0.0,
      0.0,
      0.46534653465346537,
      0.04950495049504951,
      0.0
    ],
    [
      0.07,
      0.0,
      0.46,
      0.0,
      0.0,
      0.36,
      0.11,
      0.0
    ]
  ],
  "class_names": [
    "Apple Red 1",
    "Avocado 1",
    "Banana 1",
    "Kiwi 1",
    "Orange 1",
    "Pineapple 1",
    "Strawberry 1",
    "Tomato 1"
  ]
}