{
  "model": "MobileNetV2 RGB Clean — Fresh",
  "accuracy": 0.44666666666666666,
  "classification_report": {
    "Apple Red 1": {
      "precision": 0.46113989637305697,
      "recall": 0.445,
      "f1-score": 0.4529262086513995,
      "support": 200.0
    },
    "Avocado 1": {
      "precision": 0.0,
      "recall": 0.0,
      "f1-score": 0.0,
      "support": 0.0
    },
    "Banana 1": {
      "precision": 0.7410714285714286,
      "recall": 0.83,
      "f1-score": 0.7830188679245284,
      "support": 200.0
    },
    "Kiwi 1": {
      "precision": 0.0,
      "recall": 0.0,
      "f1-score": 0.0,
      "support": 0.0
    },
    "Orange 1": {
      "precision": 0.9285714285714286,
      "recall": 0.065,
      "f1-score": 0.12149532710280375,
      "support": 200.0
    },
    "Pineapple 1": {
      "precision": 0.0,
      "recall": 0.0,
      "f1-score": 0.0,
      "support": 0.0
    },
    "Strawberry 1": {
      "precision": 0.0,
      "recall": 0.0,
      "f1-score": 0.0,
      "support": 0.0
    },
    "Tomato 1": {
      "precision": 0.0,
      "recall": 0.0,
      "f1-score": 0.0,
      "support": 0.0
    },
    "accuracy": 0.44666666666666666,
    "macro avg": {
      "precision": 0.2663478441894893,
      "recall": 0.16749999999999998,
      "f1-score": 0.16968005045984147,
      "support": 600.0
    },
    "weighted avg": {
      "precision": 0.7102609178386381,
      "recall": 0.44666666666666666,
      "f1-score": 0.45248013455957725,
      "support": 600.0
    }
  },
  "confusion_matrix_raw": [
    [
      89,
      29,
      51,
      4,
      1,
      0,
      25,
      1
    ],
    [
      0,
      0,
      0,
      0,
      0,
      0,
      0,
      0
    ],
    [
      4,
      2,
      166,
      13,
      0,
      13,
      1,
      1
    ],
    [
      0,
      0,
      0,
      0,
      0,
      0,
      0,
      0
    ],
    [
      100,
      5,
      7,
      31,
      13,
      7,
      24,
      13
    ],
    [
      0,
      0,
      0,
      0,
      0,
      0,
      0,
      0
    ],
    [
      0,
      0,
      0,
      0,
      0,
      0,
      0,
      0
    ],
    [
      0,
      0,
      0,
      0,
      0,
      0,
      0,
      0
    ]
  ],
  "confusion_matrix_norm": [
    [
      0.445,
      0.145,
      0.255,
      0.02,
      0.005,
      0.0,
      0.125,
      0.005
    ],
    [
      0.0,
      0.0,
      0.0,
      0.0,
      0.0,
      0.0,
      0.0,
      0.0
    ],
    [
      0.02,
      0.01,
      0.83,
      0.065,
      0.0,
      0.065,
      0.005,
      0.005
    ],
    [
      0.0,
      0.0,
      0.0,
      0.0,
      0.0,
      0.0,
      0.0,
      0.0
    ],
    [
      0.5,
      0.025,
      0.035,
      0.155,
      0.065,
      0.035,
      0.12,
      0.065
    ],
    [
      0.0,
      0.0,
      0.0,
      0.0,
      0.0,
      0.0,
      0.0,
      0.0
    ],
    [
      0.0,
      0.0,
      0.0,
      0.0,
      0.0,
      0.0,
      0.0,
      0.0
    ],
    [
      0.0,
      0.0,
      0.0,
      0.0,
      0.0,
      0.0,
      0.0,
      0.0
    ]
  ],
  "class_names": [
    "Apple Red 1",
    "Avocado 1",
    "Banana 1",
    "Kiwi 1",
    "Orange 1",
    "Pineapple 1",
    "Strawberry 1",
    "Tomato 1"
  ]
}