{
  "model": "MobileNetV2 RGB Clean",
  "accuracy": 0.8857142857142857,
  "classification_report": {
    "Apple Red 1": {
      "precision": 0.5795053003533569,
      "recall": 1.0,
      "f1-score": 0.7337807606263982,
      "support": 164.0
    },
    "Avocado 1": {
      "precision": 0.8171428571428572,
      "recall": 1.0,
      "f1-score": 0.89937106918239,
      "support": 143.0
    },
    "Banana 1": {
      "precision": 1.0,
      "recall": 1.0,
      "f1-score": 1.0,
      "support": 166.0
    },
    "Kiwi 1": {
      "precision": 0.0,
      "recall": 0.0,
      "f1-score": 0.0,
      "support": 156.0
    },
    "Orange 1": {
      "precision": 1.0,
      "recall": 1.0,
      "f1-score": 1.0,
      "support": 160.0
    },
    "Pineapple 1": {
      "precision": 0.9707602339181286,
      "recall": 1.0,
      "f1-score": 0.9851632047477745,
      "support": 166.0
    },
    "Strawberry 1": {
      "precision": 1.0,
      "recall": 1.0,
      "f1-score": 1.0,
      "support": 164.0
    },
    "Tomato 1": {
      "precision": 1.0,
      "recall": 1.0,
      "f1-score": 1.0,
      "support": 246.0
    },
    "accuracy": 0.8857142857142857,
    "macro avg": {
      "precision": 0.7959260489267929,
      "recall": 0.875,
      "f1-score": 0.8272893793195704,
      "support": 1365.0
    },
    "weighted avg": {
      "precision": 0.8124809499339111,
      "recall": 0.8857142857142857,
      "f1-score": 0.8413825638270636,
      "support": 1365.0
    }
  },
  "confusion_matrix_raw": [
    [
      164,
      0,
      0,
      0,
      0,
      0,
      0,
      0
    ],
    [
      0,
      143,
      0,
      0,
      0,
      0,
      0,
      0
    ],
    [
      0,
      0,
      166,
      0,
      0,
      0,
      0,
      0
    ],
    [
      119,
      32,
      0,
      0,
      0,
      5,
      0,
      0
    ],
    [
      0,
      0,
      0,
      0,
      160,
      0,
      0,
      0
    ],
    [
      0,
      0,
      0,
      0,
      0,
      166,
      0,
      0
    ],
    [
      0,
      0,
      0,
      0,
      0,
      0,
      164,
      0
    ],
    [
      0,
      0,
      0,
      0,
      0,
      0,
      0,
      246
    ]
  ],
  "confusion_matrix_norm": [
    [
      1.0,
      0.0,
      0.0,
      0.0,
      0.0,
      0.0,
      0.0,
      0.0
    ],
    [
      0.0,
      1.0,
      0.0,
      0.0,
      0.0,
      0.0,
      0.0,
      0.0
    ],
    [
      0.0,
      0.0,
      1.0,
      0.0,
      0.0,
      0.0,
      0.0,
      0.0
    ],
    [
      0.7628205128205128,
      0.20512820512820512,
      0.0,
      0.0,
      0.0,
      0.03205128205128205,
      0.0,
      0.0
    ],
    [
      0.0,
      0.0,
      0.0,
      0.0,
      1.0,
      0.0,
      0.0,
      0.0
    ],
    [
      0.0,
      0.0,
      0.0,
      0.0,
      0.0,
      1.0,
      0.0,
      0.0
    ],
    [
      0.0,
      0.0,
      0.0,
      0.0,
      0.0,
      0.0,
      1.0,
      0.0
    ],
    [
      0.0,
      0.0,
      0.0,
      0.0,
      0.0,
      0.0,
      0.0,
      1.0
    ]
  ],
  "class_names": [
    "Apple Red 1",
    "Avocado 1",
    "Banana 1",
    "Kiwi 1",
    "Orange 1",
    "Pineapple 1",
    "Strawberry 1",
    "Tomato 1"
  ]
}