{
  "model": "MobileNetV2 RGB With Noise — F262",
  "accuracy": 0.32571428571428573,
  "classification_report": {
    "Apple Red 1": {
      "precision": 0.0,
      "recall": 0.0,
      "f1-score": 0.0,
      "support": 0.0
    },
    "Avocado 1": {
      "precision": 0.3979591836734694,
      "recall": 0.6610169491525424,
      "f1-score": 0.4968152866242038,
      "support": 236.0
    },
    "Banana 1": {
      "precision": 0.0,
      "recall": 0.0,
      "f1-score": 0.0,
      "support": 0.0
    },
    "Kiwi 1": {
      "precision": 0.3333333333333333,
      "recall": 0.009900990099009901,
      "f1-score": 0.019230769230769232,
      "support": 202.0
    },
    "Orange 1": {
      "precision": 0.0,
      "recall": 0.0,
      "f1-score": 0.0,
      "support": 0.0
    },
    "Pineapple 1": {
      "precision": 0.5806451612903226,
      "recall": 0.17142857142857143,
      "f1-score": 0.26470588235294124,
      "support": 210.0
    },
    "Strawberry 1": {
      "precision": 0.4,
      "recall": 0.4158415841584158,
      "f1-score": 0.4077669902912621,
      "support": 202.0
    },
    "Tomato 1": {
      "precision": 0.5079365079365079,
      "recall": 0.32,
      "f1-score": 0.39263803680981596,
      "support": 200.0
    },
    "accuracy": 0.32571428571428573,
    "macro avg": {
      "precision": 0.27748427327920416,
      "recall": 0.19727351185481745,
      "f1-score": 0.19764462066362407,
      "support": 1050.0
    },
    "weighted avg": {
      "precision": 0.4434042725128966,
      "recall": 0.32571428571428573,
      "f1-score": 0.32154075973604124,
      "support": 1050.0
    }
  },
  "confusion_matrix_raw": [
    [
      0,
      0,
      0,
      0,
      0,
      0,
      0,
      0
    ],
    [
      4,
      156,
      50,
      2,
      0,
      6,
      14,
      4
    ],
    [
      0,
      0,
      0,
      0,
      0,
      0,
      0,
      0
    ],
    [
      4,
      60,
      106,
      2,
      2,
      6,
      8,
      14
    ],
    [
      0,
      0,
      0,
      0,
      0,
      0,
      0,
      0
    ],
    [
      6,
      78,
      46,
      2,
      0,
      36,
      38,
      4
    ],
    [
      14,
      60,
      0,
      0,
      0,
      4,
      84,
      40
    ],
    [
      14,
      38,
      8,
      0,
      0,
      10,
      66,
      64
    ]
  ],
  "confusion_matrix_norm": [
    [
      0.0,
      0.0,
      0.0,
      0.0,
      0.0,
      0.0,
      0.0,
      0.0
    ],
    [
      0.01694915254237288,
      0.6610169491525424,
      0.211864406779661,
      0.00847457627118644,
      0.0,
      0.025423728813559324,
      0.059322033898305086,
      0.01694915254237288
    ],
    [
      0.0,
      0.0,
      0.0,
      0.0,
      0.0,
      0.0,
      0.0,
      0.0
    ],
    [
      0.019801980198019802,
      0.297029702970297,
      0.5247524752475248,
      0.009900990099009901,
      0.009900990099009901,
      0.0297029702970297,
      0.039603960396039604,
      0.06930693069306931
    ],
    [
      0.0,
      0.0,
      0.0,
      0.0,
      0.0,
      0.0,
      0.0,
      0.0
    ],
    [
      0.02857142857142857,
      0.37142857142857144,
      0.21904761904761905,
      0.009523809523809525,
      0.0,
      0.17142857142857143,
      0.18095238095238095,
      0.01904761904761905
    ],
    [
      0.06930693069306931,
      0.297029702970297,
      0.0,
      0.0,
      0.0,
      0.019801980198019802,
      0.4158415841584158,
      0.19801980198019803
    ],
    [
      0.07,
      0.19,
      0.04,
      0.0,
      0.0,
      0.05,
      0.33,
      0.32
    ]
  ],
  "class_names": [
    "Apple Red 1",
    "Avocado 1",
    "Banana 1",
    "Kiwi 1",
    "Orange 1",
    "Pineapple 1",
    "Strawberry 1",
    "Tomato 1"
  ]
}