{
  "model": "MobileNetV2 Grayscale MaxPool",
  "accuracy": 0.9531135531135531,
  "classification_report": {
    "Apple Red 1": {
      "precision": 0.845360824742268,
      "recall": 1.0,
      "f1-score": 0.9162011173184358,
      "support": 164.0
    },
    "Avocado 1": {
      "precision": 1.0,
      "recall": 1.0,
      "f1-score": 1.0,
      "support": 143.0
    },
    "Banana 1": {
      "precision": 1.0,
      "recall": 1.0,
      "f1-score": 1.0,
      "support": 166.0
    },
    "Kiwi 1": {
      "precision": 1.0,
      "recall": 0.5897435897435898,
      "f1-score": 0.7419354838709677,
      "support": 156.0
    },
    "Orange 1": {
      "precision": 1.0,
      "recall": 1.0,
      "f1-score": 1.0,
      "support": 160.0
    },
    "Pineapple 1": {
      "precision": 0.83,
      "recall": 1.0,
      "f1-score": 0.907103825136612,
      "support": 166.0
    },
    "Strawberry 1": {
      "precision": 1.0,
      "recall": 1.0,
      "f1-score": 1.0,
      "support": 164.0
    },
    "Tomato 1": {
      "precision": 1.0,
      "recall": 1.0,
      "f1-score": 1.0,
      "support": 246.0
    },
    "accuracy": 0.9531135531135531,
    "macro avg": {
      "precision": 0.9594201030927836,
      "recall": 0.9487179487179487,
      "f1-score": 0.945655053290752,
      "support": 1365.0
    },
    "weighted avg": {
      "precision": 0.960746648540463,
      "recall": 0.9531135531135531,
      "f1-score": 0.9491415045397598,
      "support": 1365.0
    }
  },
  "confusion_matrix_raw": [
    [
      164,
      0,
      0,
      0,
      0,
      0,
      0,
      0
    ],
    [
      0,
      143,
      0,
      0,
      0,
      0,
      0,
      0
    ],
    [
      0,
      0,
      166,
      0,
      0,
      0,
      0,
      0
    ],
    [
      30,
      0,
      0,
      92,
      0,
      34,
      0,
      0
    ],
    [
      0,
      0,
      0,
      0,
      160,
      0,
      0,
      0
    ],
    [
      0,
      0,
      0,
      0,
      0,
      166,
      0,
      0
    ],
    [
      0,
      0,
      0,
      0,
      0,
      0,
      164,
      0
    ],
    [
      0,
      0,
      0,
      0,
      0,
      0,
      0,
      246
    ]
  ],
  "confusion_matrix_norm": [
    [
      1.0,
      0.0,
      0.0,
      0.0,
      0.0,
      0.0,
      0.0,
      0.0
    ],
    [
      0.0,
      1.0,
      0.0,
      0.0,
      0.0,
      0.0,
      0.0,
      0.0
    ],
    [
      0.0,
      0.0,
      1.0,
      0.0,
      0.0,
      0.0,
      0.0,
      0.0
    ],
    [
      0.19230769230769232,
      0.0,
      0.0,
      0.5897435897435898,
      0.0,
      0.21794871794871795,
      0.0,
      0.0
    ],
    [
      0.0,
      0.0,
      0.0,
      0.0,
      1.0,
      0.0,
      0.0,
      0.0
    ],
    [
      0.0,
      0.0,
      0.0,
      0.0,
      0.0,
      1.0,
      0.0,
      0.0
    ],
    [
      0.0,
      0.0,
      0.0,
      0.0,
      0.0,
      0.0,
      1.0,
      0.0
    ],
    [
      0.0,
      0.0,
      0.0,
      0.0,
      0.0,
      0.0,
      0.0,
      1.0
    ]
  ],
  "class_names": [
    "Apple Red 1",
    "Avocado 1",
    "Banana 1",
    "Kiwi 1",
    "Orange 1",
    "Pineapple 1",
    "Strawberry 1",
    "Tomato 1"
  ]
}