{
  "model": "MobileNetV2 RGB With Noise — Fresh",
  "accuracy": 0.6066666666666667,
  "classification_report": {
    "Apple Red 1": {
      "precision": 0.9693877551020408,
      "recall": 0.475,
      "f1-score": 0.6375838926174496,
      "support": 200.0
    },
    "Avocado 1": {
      "precision": 0.0,
      "recall": 0.0,
      "f1-score": 0.0,
      "support": 0.0
    },
    "Banana 1": {
      "precision": 0.7406015037593985,
      "recall": 0.985,
      "f1-score": 0.8454935622317596,
      "support": 200.0
    },
    "Kiwi 1": {
      "precision": 0.0,
      "recall": 0.0,
      "f1-score": 0.0,
      "support": 0.0
    },
    "Orange 1": {
      "precision": 1.0,
      "recall": 0.36,
      "f1-score": 0.5294117647058824,
      "support": 200.0
    },
    "Pineapple 1": {
      "precision": 0.0,
      "recall": 0.0,
      "f1-score": 0.0,
      "support": 0.0
    },
    "Strawberry 1": {
      "precision": 0.0,
      "recall": 0.0,
      "f1-score": 0.0,
      "support": 0.0
    },
    "Tomato 1": {
      "precision": 0.0,
      "recall": 0.0,
      "f1-score": 0.0,
      "support": 0.0
    },
    "accuracy": 0.6066666666666667,
    "macro avg": {
      "precision": 0.3387486573576799,
      "recall": 0.22749999999999998,
      "f1-score": 0.2515611524443864,
      "support": 600.0
    },
    "weighted avg": {
      "precision": 0.9033297529538131,
      "recall": 0.6066666666666667,
      "f1-score": 0.6708297398516972,
      "support": 600.0
    }
  },
  "confusion_matrix_raw": [
    [
      95,
      57,
      27,
      0,
      0,
      2,
      10,
      9
    ],
    [
      0,
      0,
      0,
      0,
      0,
      0,
      0,
      0
    ],
    [
      0,
      1,
      197,
      0,
      0,
      0,
      0,
      2
    ],
    [
      0,
      0,
      0,
      0,
      0,
      0,
      0,
      0
    ],
    [
      3,
      4,
      42,
      44,
      72,
      16,
      3,
      16
    ],
    [
      0,
      0,
      0,
      0,
      0,
      0,
      0,
      0
    ],
    [
      0,
      0,
      0,
      0,
      0,
      0,
      0,
      0
    ],
    [
      0,
      0,
      0,
      0,
      0,
      0,
      0,
      0
    ]
  ],
  "confusion_matrix_norm": [
    [
      0.475,
      0.285,
      0.135,
      0.0,
      0.0,
      0.01,
      0.05,
      0.045
    ],
    [
      0.0,
      0.0,
      0.0,
      0.0,
      0.0,
      0.0,
      0.0,
      0.0
    ],
    [
      0.0,
      0.005,
      0.985,
      0.0,
      0.0,
      0.0,
      0.0,
      0.01
    ],
    [
      0.0,
      0.0,
      0.0,
      0.0,
      0.0,
      0.0,
      0.0,
      0.0
    ],
    [
      0.015,
      0.02,
      0.21,
      0.22,
      0.36,
      0.08,
      0.015,
      0.08
    ],
    [
      0.0,
      0.0,
      0.0,
      0.0,
      0.0,
      0.0,
      0.0,
      0.0
    ],
    [
      0.0,
      0.0,
      0.0,
      0.0,
      0.0,
      0.0,
      0.0,
      0.0
    ],
    [
      0.0,
      0.0,
      0.0,
      0.0,
      0.0,
      0.0,
      0.0,
      0.0
    ]
  ],
  "class_names": [
    "Apple Red 1",
    "Avocado 1",
    "Banana 1",
    "Kiwi 1",
    "Orange 1",
    "Pineapple 1",
    "Strawberry 1",
    "Tomato 1"
  ]
}