{
  "model": "MobileNetV2 RGB With Noise",
  "accuracy": 0.884981684981685,
  "classification_report": {
    "Apple Red 1": {
      "precision": 1.0,
      "recall": 0.9939024390243902,
      "f1-score": 0.9969418960244648,
      "support": 164.0
    },
    "Avocado 1": {
      "precision": 0.6441441441441441,
      "recall": 1.0,
      "f1-score": 0.7835616438356164,
      "support": 143.0
    },
    "Banana 1": {
      "precision": 1.0,
      "recall": 1.0,
      "f1-score": 1.0,
      "support": 166.0
    },
    "Kiwi 1": {
      "precision": 0.0,
      "recall": 0.0,
      "f1-score": 0.0,
      "support": 156.0
    },
    "Orange 1": {
      "precision": 0.7207207207207207,
      "recall": 1.0,
      "f1-score": 0.837696335078534,
      "support": 160.0
    },
    "Pineapple 1": {
      "precision": 0.9171270718232044,
      "recall": 1.0,
      "f1-score": 0.9567723342939481,
      "support": 166.0
    },
    "Strawberry 1": {
      "precision": 0.9939393939393939,
      "recall": 1.0,
      "f1-score": 0.9969604863221885,
      "support": 164.0
    },
    "Tomato 1": {
      "precision": 1.0,
      "recall": 1.0,
      "f1-score": 1.0,
      "support": 246.0
    },
    "accuracy": 0.884981684981685,
    "macro avg": {
      "precision": 0.7844914163284329,
      "recall": 0.8742378048780488,
      "f1-score": 0.821491586944344,
      "support": 1365.0
    },
    "weighted avg": {
      "precision": 0.8048916354993703,
      "recall": 0.884981684981685,
      "f1-score": 0.8380255874569268,
      "support": 1365.0
    }
  },
  "confusion_matrix_raw": [
    [
      163,
      0,
      0,
      0,
      0,
      0,
      1,
      0
    ],
    [
      0,
      143,
      0,
      0,
      0,
      0,
      0,
      0
    ],
    [
      0,
      0,
      166,
      0,
      0,
      0,
      0,
      0
    ],
    [
      0,
      79,
      0,
      0,
      62,
      15,
      0,
      0
    ],
    [
      0,
      0,
      0,
      0,
      160,
      0,
      0,
      0
    ],
    [
      0,
      0,
      0,
      0,
      0,
      166,
      0,
      0
    ],
    [
      0,
      0,
      0,
      0,
      0,
      0,
      164,
      0
    ],
    [
      0,
      0,
      0,
      0,
      0,
      0,
      0,
      246
    ]
  ],
  "confusion_matrix_norm": [
    [
      0.9939024390243902,
      0.0,
      0.0,
      0.0,
      0.0,
      0.0,
      0.006097560975609756,
      0.0
    ],
    [
      0.0,
      1.0,
      0.0,
      0.0,
      0.0,
      0.0,
      0.0,
      0.0
    ],
    [
      0.0,
      0.0,
      1.0,
      0.0,
      0.0,
      0.0,
      0.0,
      0.0
    ],
    [
      0.0,
      0.5064102564102564,
      0.0,
      0.0,
      0.3974358974358974,
      0.09615384615384616,
      0.0,
      0.0
    ],
    [
      0.0,
      0.0,
      0.0,
      0.0,
      1.0,
      0.0,
      0.0,
      0.0
    ],
    [
      0.0,
      0.0,
      0.0,
      0.0,
      0.0,
      1.0,
      0.0,
      0.0
    ],
    [
      0.0,
      0.0,
      0.0,
      0.0,
      0.0,
      0.0,
      1.0,
      0.0
    ],
    [
      0.0,
      0.0,
      0.0,
      0.0,
      0.0,
      0.0,
      0.0,
      1.0
    ]
  ],
  "class_names": [
    "Apple Red 1",
    "Avocado 1",
    "Banana 1",
    "Kiwi 1",
    "Orange 1",
    "Pineapple 1",
    "Strawberry 1",
    "Tomato 1"
  ]
}