{
  "model": "MobileNetV2 Grayscale MaxPool — Fresh",
  "accuracy": 0.23333333333333334,
  "classification_report": {
    "Apple Red 1": {
      "precision": 0.575,
      "recall": 0.115,
      "f1-score": 0.19166666666666668,
      "support": 200.0
    },
    "Avocado 1": {
      "precision": 0.0,
      "recall": 0.0,
      "f1-score": 0.0,
      "support": 0.0
    },
    "Banana 1": {
      "precision": 0.48878923766816146,
      "recall": 0.545,
      "f1-score": 0.5153664302600474,
      "support": 200.0
    },
    "Kiwi 1": {
      "precision": 0.0,
      "recall": 0.0,
      "f1-score": 0.0,
      "support": 0.0
    },
    "Orange 1": {
      "precision": 0.4444444444444444,
      "recall": 0.04,
      "f1-score": 0.07339449541284404,
      "support": 200.0
    },
    "Pineapple 1": {
      "precision": 0.0,
      "recall": 0.0,
      "f1-score": 0.0,
      "support": 0.0
    },
    "Strawberry 1": {
      "precision": 0.0,
      "recall": 0.0,
      "f1-score": 0.0,
      "support": 0.0
    },
    "Tomato 1": {
      "precision": 0.0,
      "recall": 0.0,
      "f1-score": 0.0,
      "support": 0.0
    },
    "accuracy": 0.23333333333333334,
    "macro avg": {
      "precision": 0.18852921026407574,
      "recall": 0.08750000000000001,
      "f1-score": 0.09755344904244476,
      "support": 600.0
    },
    "weighted avg": {
      "precision": 0.5027445607042019,
      "recall": 0.23333333333333334,
      "f1-score": 0.2601425307798527,
      "support": 600.0
    }
  },
  "confusion_matrix_raw": [
    [
      23,
      5,
      72,
      3,
      2,
      26,
      57,
      12
    ],
    [
      0,
      0,
      0,
      0,
      0,
      0,
      0,
      0
    ],
    [
      2,
      4,
      109,
      1,
      8,
      22,
      38,
      16
    ],
    [
      0,
      0,
      0,
      0,
      0,
      0,
      0,
      0
    ],
    [
      15,
      0,
      42,
      18,
      8,
      41,
      56,
      20
    ],
    [
      0,
      0,
      0,
      0,
      0,
      0,
      0,
      0
    ],
    [
      0,
      0,
      0,
      0,
      0,
      0,
      0,
      0
    ],
    [
      0,
      0,
      0,
      0,
      0,
      0,
      0,
      0
    ]
  ],
  "confusion_matrix_norm": [
    [
      0.115,
      0.025,
      0.36,
      0.015,
      0.01,
      0.13,
      0.285,
      0.06
    ],
    [
      0.0,
      0.0,
      0.0,
      0.0,
      0.0,
      0.0,
      0.0,
      0.0
    ],
    [
      0.01,
      0.02,
      0.545,
      0.005,
      0.04,
      0.11,
      0.19,
      0.08
    ],
    [
      0.0,
      0.0,
      0.0,
      0.0,
      0.0,
      0.0,
      0.0,
      0.0
    ],
    [
      0.075,
      0.0,
      0.21,
      0.09,
      0.04,
      0.205,
      0.28,
      0.1
    ],
    [
      0.0,
      0.0,
      0.0,
      0.0,
      0.0,
      0.0,
      0.0,
      0.0
    ],
    [
      0.0,
      0.0,
      0.0,
      0.0,
      0.0,
      0.0,
      0.0,
      0.0
    ],
    [
      0.0,
      0.0,
      0.0,
      0.0,
      0.0,
      0.0,
      0.0,
      0.0
    ]
  ],
  "class_names": [
    "Apple Red 1",
    "Avocado 1",
    "Banana 1",
    "Kiwi 1",
    "Orange 1",
    "Pineapple 1",
    "Strawberry 1",
    "Tomato 1"
  ]
}