{
  "model": "MobileNetV2 Grayscale MaxPool — F262",
  "accuracy": 0.19047619047619047,
  "classification_report": {
    "Apple Red 1": {
      "precision": 0.0,
      "recall": 0.0,
      "f1-score": 0.0,
      "support": 0.0
    },
    "Avocado 1": {
      "precision": 0.5,
      "recall": 0.01694915254237288,
      "f1-score": 0.03278688524590164,
      "support": 236.0
    },
    "Banana 1": {
      "precision": 0.0,
      "recall": 0.0,
      "f1-score": 0.0,
      "support": 0.0
    },
    "Kiwi 1": {
      "precision": 1.0,
      "recall": 0.019801980198019802,
      "f1-score": 0.038834951456310676,
      "support": 202.0
    },
    "Orange 1": {
      "precision": 0.0,
      "recall": 0.0,
      "f1-score": 0.0,
      "support": 0.0
    },
    "Pineapple 1": {
      "precision": 0.21875,
      "recall": 0.8,
      "f1-score": 0.34355828220858897,
      "support": 210.0
    },
    "Strawberry 1": {
      "precision": 0.12698412698412698,
      "recall": 0.07920792079207921,
      "f1-score": 0.09756097560975609,
      "support": 202.0
    },
    "Tomato 1": {
      "precision": 0.2857142857142857,
      "recall": 0.04,
      "f1-score": 0.07017543859649124,
      "support": 200.0
    },
    "accuracy": 0.19047619047619047,
    "macro avg": {
      "precision": 0.26643105158730157,
      "recall": 0.11949488169155899,
      "f1-score": 0.07286456663963108,
      "support": 1050.0
    },
    "weighted avg": {
      "precision": 0.42736300075585787,
      "recall": 0.19047619047619047,
      "f1-score": 0.11568762777950495,
      "support": 1050.0
    }
  },
  "confusion_matrix_raw": [
    [
      0,
      0,
      0,
      0,
      0,
      0,
      0,
      0
    ],
    [
      14,
      4,
      24,
      0,
      2,
      164,
      22,
      6
    ],
    [
      0,
      0,
      0,
      0,
      0,
      0,
      0,
      0
    ],
    [
      0,
      2,
      32,
      4,
      0,
      120,
      36,
      8
    ],
    [
      0,
      0,
      0,
      0,
      0,
      0,
      0,
      0
    ],
    [
      0,
      0,
      8,
      0,
      2,
      168,
      28,
      4
    ],
    [
      0,
      2,
      10,
      0,
      0,
      172,
      16,
      2
    ],
    [
      0,
      0,
      24,
      0,
      0,
      144,
      24,
      8
    ]
  ],
  "confusion_matrix_norm": [
    [
      0.0,
      0.0,
      0.0,
      0.0,
      0.0,
      0.0,
      0.0,
      0.0
    ],
    [
      0.059322033898305086,
      0.01694915254237288,
      0.1016949152542373,
      0.0,
      0.00847457627118644,
      0.6949152542372882,
      0.09322033898305085,
      0.025423728813559324
    ],
    [
      0.0,
      0.0,
      0.0,
      0.0,
      0.0,
      0.0,
      0.0,
      0.0
    ],
    [
      0.0,
      0.009900990099009901,
      0.15841584158415842,
      0.019801980198019802,
      0.0,
      0.594059405940594,
      0.1782178217821782,
      0.039603960396039604
    ],
    [
      0.0,
      0.0,
      0.0,
      0.0,
      0.0,
      0.0,
      0.0,
      0.0
    ],
    [
      0.0,
      0.0,
      0.0380952380952381,
      0.0,
      0.009523809523809525,
      0.8,
      0.13333333333333333,
      0.01904761904761905
    ],
    [
      0.0,
      0.009900990099009901,
      0.04950495049504951,
      0.0,
      0.0,
      0.8514851485148515,
      0.07920792079207921,
      0.009900990099009901
    ],
    [
      0.0,
      0.0,
      0.12,
      0.0,
      0.0,
      0.72,
      0.12,
      0.04
    ]
  ],
  "class_names": [
    "Apple Red 1",
    "Avocado 1",
    "Banana 1",
    "Kiwi 1",
    "Orange 1",
    "Pineapple 1",
    "Strawberry 1",
    "Tomato 1"
  ]
}