model,family,accuracy,macro_f1,weighted_f1,ckpt_size_mb
MobileNetV2 Grayscale MaxPool,MobileNetV2,0.9728937728937729,0.9705105853051058,0.9724441403345513,8.75090217590332
MobileNetV2 Grayscale Adaptive,MobileNetV2,0.9362637362637363,0.920878281814783,0.9263664000847976,8.751508712768555
RGB CNN With Noise,Custom CNN,0.8857142857142857,,,9.102806091308594
RGB CNN Without Noise,Custom CNN,0.8857142857142857,,,9.102846145629883
MobileNetV2 RGB Clean,MobileNetV2,0.8857142857142857,0.8272893793195704,0.8413825638270636,8.753341674804688
MobileNetV2 RGB With Noise,MobileNetV2,0.884981684981685,0.821491586944344,0.8380255874569268,8.753341674804688
Grayscale AdaptiveAvgPool,Custom CNN,0.8717948717948718,,,9.101800918579102
Grayscale MaxPool,Custom CNN,0.8336996336996337,,,
