model,family,accuracy,macro_f1,weighted_f1,ckpt_size_mb
MobileNetV2 Grayscale MaxPool,MobileNetV2,0.9553113553113554,0.9490666443655844,0.9522835376822484,8.75090217590332
RGB CNN With Noise,Custom CNN,0.8857142857142857,,,9.102806091308594
RGB CNN Without Noise,Custom CNN,0.8857142857142857,,,9.102846145629883
MobileNetV2 RGB Clean,MobileNetV2,0.8857142857142857,0.8308823529411764,0.8487394957983193,8.753341674804688
MobileNetV2 RGB With Noise,MobileNetV2,0.884981684981685,0.8257769310875429,0.8431675409440923,8.753341674804688
Grayscale AdaptiveAvgPool,Custom CNN,0.8717948717948718,,,9.101800918579102
MobileNetV2 Grayscale Adaptive,MobileNetV2,0.8681318681318682,0.8113903581373014,0.8252074147092638,8.751508712768555
Grayscale MaxPool,Custom CNN,0.8336996336996337,,,9.101694107055664
