{
  "model": "RGB CNN With Noise — Fresh (CNN)",
  "accuracy": 0.47333333333333333,
  "classification_report": {
    "Apple Red 1": {
      "precision": 0.7692307692307693,
      "recall": 0.05,
      "f1-score": 0.09389671361502347,
      "support": 200.0
    },
    "Avocado 1": {
      "precision": 0.0,
      "recall": 0.0,
      "f1-score": 0.0,
      "support": 0.0
    },
    "Banana 1": {
      "precision": 0.6642857142857143,
      "recall": 0.93,
      "f1-score": 0.775,
      "support": 200.0
    },
    "Kiwi 1": {
      "precision": 0.0,
      "recall": 0.0,
      "f1-score": 0.0,
      "support": 0.0
    },
    "Orange 1": {
      "precision": 0.9565217391304348,
      "recall": 0.44,
      "f1-score": 0.6027397260273973,
      "support": 200.0
    },
    "Pineapple 1": {
      "precision": 0.0,
      "recall": 0.0,
      "f1-score": 0.0,
      "support": 0.0
    },
    "Strawberry 1": {
      "precision": 0.0,
      "recall": 0.0,
      "f1-score": 0.0,
      "support": 0.0
    },
    "Tomato 1": {
      "precision": 0.0,
      "recall": 0.0,
      "f1-score": 0.0,
      "support": 0.0
    },
    "micro avg": {
      "precision": 0.47333333333333333,
      "recall": 0.47333333333333333,
      "f1-score": 0.47333333333333333,
      "support": 600.0
    },
    "macro avg": {
      "precision": 0.2987547778308648,
      "recall": 0.17750000000000002,
      "f1-score": 0.1839545549553026,
      "support": 600.0
    },
    "weighted avg": {
      "precision": 0.7966794075489728,
      "recall": 0.47333333333333333,
      "f1-score": 0.49054547988080693,
      "support": 600.0
    }
  },
  "confusion_matrix_raw": [
    [
      10,
      0,
      79,
      8,
      0,
      0,
      88,
      15
    ],
    [
      0,
      0,
      0,
      0,
      0,
      0,
      0,
      0
    ],
    [
      2,
      0,
      186,
      8,
      4,
      0,
      0,
      0
    ],
    [
      0,
      0,
      0,
      0,
      0,
      0,
      0,
      0
    ],
    [
      1,
      0,
      15,
      77,
      88,
      0,
      19,
      0
    ],
    [
      0,
      0,
      0,
      0,
      0,
      0,
      0,
      0
    ],
    [
      0,
      0,
      0,
      0,
      0,
      0,
      0,
      0
    ],
    [
      0,
      0,
      0,
      0,
      0,
      0,
      0,
      0
    ]
  ],
  "confusion_matrix_norm": [
    [
      0.05,
      0.0,
      0.395,
      0.04,
      0.0,
      0.0,
      0.44,
      0.075
    ],
    [
      0.0,
      0.0,
      0.0,
      0.0,
      0.0,
      0.0,
      0.0,
      0.0
    ],
    [
      0.01,
      0.0,
      0.93,
      0.04,
      0.02,
      0.0,
      0.0,
      0.0
    ],
    [
      0.0,
      0.0,
      0.0,
      0.0,
      0.0,
      0.0,
      0.0,
      0.0
    ],
    [
      0.005,
      0.0,
      0.075,
      0.385,
      0.44,
      0.0,
      0.095,
      0.0
    ],
    [
      0.0,
      0.0,
      0.0,
      0.0,
      0.0,
      0.0,
      0.0,
      0.0
    ],
    [
      0.0,
      0.0,
      0.0,
      0.0,
      0.0,
      0.0,
      0.0,
      0.0
    ],
    [
      0.0,
      0.0,
      0.0,
      0.0,
      0.0,
      0.0,
      0.0,
      0.0
    ]
  ],
  "class_names": [
    "Apple Red 1",
    "Avocado 1",
    "Banana 1",
    "Kiwi 1",
    "Orange 1",
    "Pineapple 1",
    "Strawberry 1",
    "Tomato 1"
  ]
}