{
  "model": "RGB CNN Without Noise — F262 (CNN)",
  "accuracy": 0.3028571428571429,
  "classification_report": {
    "Apple Red 1": {
      "precision": 0.0,
      "recall": 0.0,
      "f1-score": 0.0,
      "support": 0.0
    },
    "Avocado 1": {
      "precision": 0.6363636363636364,
      "recall": 0.17796610169491525,
      "f1-score": 0.27814569536423844,
      "support": 236.0
    },
    "Banana 1": {
      "precision": 0.0,
      "recall": 0.0,
      "f1-score": 0.0,
      "support": 0.0
    },
    "Kiwi 1": {
      "precision": 0.4857142857142857,
      "recall": 0.16831683168316833,
      "f1-score": 0.25000000000000006,
      "support": 202.0
    },
    "Orange 1": {
      "precision": 0.0,
      "recall": 0.0,
      "f1-score": 0.0,
      "support": 0.0
    },
    "Pineapple 1": {
      "precision": 0.31,
      "recall": 0.5904761904761905,
      "f1-score": 0.4065573770491803,
      "support": 210.0
    },
    "Strawberry 1": {
      "precision": 0.41836734693877553,
      "recall": 0.40594059405940597,
      "f1-score": 0.4120603015075377,
      "support": 202.0
    },
    "Tomato 1": {
      "precision": 0.5454545454545454,
      "recall": 0.18,
      "f1-score": 0.27067669172932335,
      "support": 200.0
    },
    "accuracy": 0.3028571428571429,
    "macro avg": {
      "precision": 0.29948747680890536,
      "recall": 0.19033746473921004,
      "f1-score": 0.20218000820628498,
      "support": 1050.0
    },
    "weighted avg": {
      "precision": 0.4828544924463291,
      "recall": 0.3028571428571429,
      "f1-score": 0.3227532881301671,
      "support": 1050.0
    }
  },
  "confusion_matrix_raw": [
    [
      0,
      0,
      0,
      0,
      0,
      0,
      0,
      0
    ],
    [
      0,
      42,
      50,
      20,
      0,
      106,
      18,
      0
    ],
    [
      0,
      0,
      0,
      0,
      0,
      0,
      0,
      0
    ],
    [
      2,
      8,
      96,
      34,
      0,
      60,
      2,
      0
    ],
    [
      0,
      0,
      0,
      0,
      0,
      0,
      0,
      0
    ],
    [
      2,
      10,
      54,
      4,
      0,
      124,
      16,
      0
    ],
    [
      6,
      4,
      12,
      2,
      0,
      66,
      82,
      30
    ],
    [
      10,
      2,
      16,
      10,
      4,
      44,
      78,
      36
    ]
  ],
  "confusion_matrix_norm": [
    [
      0.0,
      0.0,
      0.0,
      0.0,
      0.0,
      0.0,
      0.0,
      0.0
    ],
    [
      0.0,
      0.17796610169491525,
      0.211864406779661,
      0.0847457627118644,
      0.0,
      0.4491525423728814,
      0.07627118644067797,
      0.0
    ],
    [
      0.0,
      0.0,
      0.0,
      0.0,
      0.0,
      0.0,
      0.0,
      0.0
    ],
    [
      0.009900990099009901,
      0.039603960396039604,
      0.4752475247524752,
      0.16831683168316833,
      0.0,
      0.297029702970297,
      0.009900990099009901,
      0.0
    ],
    [
      0.0,
      0.0,
      0.0,
      0.0,
      0.0,
      0.0,
      0.0,
      0.0
    ],
    [
      0.009523809523809525,
      0.047619047619047616,
      0.2571428571428571,
      0.01904761904761905,
      0.0,
      0.5904761904761905,
      0.0761904761904762,
      0.0
    ],
    [
      0.0297029702970297,
      0.019801980198019802,
      0.0594059405940594,
      0.009900990099009901,
      0.0,
      0.32673267326732675,
      0.40594059405940597,
      0.1485148514851485
    ],
    [
      0.05,
      0.01,
      0.08,
      0.05,
      0.02,
      0.22,
      0.39,
      0.18
    ]
  ],
  "class_names": [
    "Apple Red 1",
    "Avocado 1",
    "Banana 1",
    "Kiwi 1",
    "Orange 1",
    "Pineapple 1",
    "Strawberry 1",
    "Tomato 1"
  ]
}