{
  "model": "RGB CNN With Noise — F262 (CNN)",
  "accuracy": 0.29523809523809524,
  "classification_report": {
    "Apple Red 1": {
      "precision": 0.0,
      "recall": 0.0,
      "f1-score": 0.0,
      "support": 0.0
    },
    "Avocado 1": {
      "precision": 0.5308641975308642,
      "recall": 0.3644067796610169,
      "f1-score": 0.4321608040201005,
      "support": 236.0
    },
    "Banana 1": {
      "precision": 0.0,
      "recall": 0.0,
      "f1-score": 0.0,
      "support": 0.0
    },
    "Kiwi 1": {
      "precision": 0.3902439024390244,
      "recall": 0.15841584158415842,
      "f1-score": 0.22535211267605634,
      "support": 202.0
    },
    "Orange 1": {
      "precision": 0.0,
      "recall": 0.0,
      "f1-score": 0.0,
      "support": 0.0
    },
    "Pineapple 1": {
      "precision": 0.4489795918367347,
      "recall": 0.20952380952380953,
      "f1-score": 0.28571428571428575,
      "support": 210.0
    },
    "Strawberry 1": {
      "precision": 0.4661016949152542,
      "recall": 0.5445544554455446,
      "f1-score": 0.5022831050228309,
      "support": 202.0
    },
    "Tomato 1": {
      "precision": 0.5588235294117647,
      "recall": 0.19,
      "f1-score": 0.28358208955223885,
      "support": 200.0
    },
    "accuracy": 0.29523809523809524,
    "macro avg": {
      "precision": 0.2993766145167053,
      "recall": 0.18336261077681618,
      "f1-score": 0.21613654962318904,
      "support": 1050.0
    },
    "weighted avg": {
      "precision": 0.48030112519134804,
      "recall": 0.29523809523809524,
      "f1-score": 0.3482749348898731,
      "support": 1050.0
    }
  },
  "confusion_matrix_raw": [
    [
      0,
      0,
      0,
      0,
      0,
      0,
      0,
      0
    ],
    [
      2,
      86,
      98,
      16,
      0,
      26,
      8,
      0
    ],
    [
      0,
      0,
      0,
      0,
      0,
      0,
      0,
      0
    ],
    [
      0,
      32,
      114,
      32,
      10,
      12,
      2,
      0
    ],
    [
      0,
      0,
      0,
      0,
      0,
      0,
      0,
      0
    ],
    [
      0,
      32,
      74,
      22,
      2,
      44,
      34,
      2
    ],
    [
      18,
      10,
      22,
      2,
      4,
      8,
      110,
      28
    ],
    [
      24,
      2,
      24,
      10,
      12,
      8,
      82,
      38
    ]
  ],
  "confusion_matrix_norm": [
    [
      0.0,
      0.0,
      0.0,
      0.0,
      0.0,
      0.0,
      0.0,
      0.0
    ],
    [
      0.00847457627118644,
      0.3644067796610169,
      0.4152542372881356,
      0.06779661016949153,
      0.0,
      0.11016949152542373,
      0.03389830508474576,
      0.0
    ],
    [
      0.0,
      0.0,
      0.0,
      0.0,
      0.0,
      0.0,
      0.0,
      0.0
    ],
    [
      0.0,
      0.15841584158415842,
      0.5643564356435643,
      0.15841584158415842,
      0.04950495049504951,
      0.0594059405940594,
      0.009900990099009901,
      0.0
    ],
    [
      0.0,
      0.0,
      0.0,
      0.0,
      0.0,
      0.0,
      0.0,
      0.0
    ],
    [
      0.0,
      0.1523809523809524,
      0.3523809523809524,
      0.10476190476190476,
      0.009523809523809525,
      0.20952380952380953,
      0.1619047619047619,
      0.009523809523809525
    ],
    [
      0.0891089108910891,
      0.04950495049504951,
      0.10891089108910891,
      0.009900990099009901,
      0.019801980198019802,
      0.039603960396039604,
      0.5445544554455446,
      0.13861386138613863
    ],
    [
      0.12,
      0.01,
      0.12,
      0.05,
      0.06,
      0.04,
      0.41,
      0.19
    ]
  ],
  "class_names": [
    "Apple Red 1",
    "Avocado 1",
    "Banana 1",
    "Kiwi 1",
    "Orange 1",
    "Pineapple 1",
    "Strawberry 1",
    "Tomato 1"
  ]
}