{
  "model": "RGB CNN Without Noise — Fresh (CNN)",
  "accuracy": 0.35,
  "classification_report": {
    "Apple Red 1": {
      "precision": 0.5,
      "recall": 0.04,
      "f1-score": 0.07407407407407407,
      "support": 200.0
    },
    "Avocado 1": {
      "precision": 0.0,
      "recall": 0.0,
      "f1-score": 0.0,
      "support": 0.0
    },
    "Banana 1": {
      "precision": 0.6331168831168831,
      "recall": 0.975,
      "f1-score": 0.7677165354330708,
      "support": 200.0
    },
    "Kiwi 1": {
      "precision": 0.0,
      "recall": 0.0,
      "f1-score": 0.0,
      "support": 0.0
    },
    "Orange 1": {
      "precision": 1.0,
      "recall": 0.035,
      "f1-score": 0.0676328502415459,
      "support": 200.0
    },
    "Pineapple 1": {
      "precision": 0.0,
      "recall": 0.0,
      "f1-score": 0.0,
      "support": 0.0
    },
    "Strawberry 1": {
      "precision": 0.0,
      "recall": 0.0,
      "f1-score": 0.0,
      "support": 0.0
    },
    "Tomato 1": {
      "precision": 0.0,
      "recall": 0.0,
      "f1-score": 0.0,
      "support": 0.0
    },
    "accuracy": 0.35,
    "macro avg": {
      "precision": 0.26663961038961037,
      "recall": 0.13124999999999998,
      "f1-score": 0.11367793246858635,
      "support": 600.0
    },
    "weighted avg": {
      "precision": 0.711038961038961,
      "recall": 0.35,
      "f1-score": 0.3031411532495636,
      "support": 600.0
    }
  },
  "confusion_matrix_raw": [
    [
      8,
      0,
      78,
      15,
      0,
      0,
      80,
      19
    ],
    [
      0,
      0,
      0,
      0,
      0,
      0,
      0,
      0
    ],
    [
      2,
      2,
      195,
      1,
      0,
      0,
      0,
      0
    ],
    [
      0,
      0,
      0,
      0,
      0,
      0,
      0,
      0
    ],
    [
      6,
      0,
      35,
      146,
      7,
      2,
      4,
      0
    ],
    [
      0,
      0,
      0,
      0,
      0,
      0,
      0,
      0
    ],
    [
      0,
      0,
      0,
      0,
      0,
      0,
      0,
      0
    ],
    [
      0,
      0,
      0,
      0,
      0,
      0,
      0,
      0
    ]
  ],
  "confusion_matrix_norm": [
    [
      0.04,
      0.0,
      0.39,
      0.075,
      0.0,
      0.0,
      0.4,
      0.095
    ],
    [
      0.0,
      0.0,
      0.0,
      0.0,
      0.0,
      0.0,
      0.0,
      0.0
    ],
    [
      0.01,
      0.01,
      0.975,
      0.005,
      0.0,
      0.0,
      0.0,
      0.0
    ],
    [
      0.0,
      0.0,
      0.0,
      0.0,
      0.0,
      0.0,
      0.0,
      0.0
    ],
    [
      0.03,
      0.0,
      0.175,
      0.73,
      0.035,
      0.01,
      0.02,
      0.0
    ],
    [
      0.0,
      0.0,
      0.0,
      0.0,
      0.0,
      0.0,
      0.0,
      0.0
    ],
    [
      0.0,
      0.0,
      0.0,
      0.0,
      0.0,
      0.0,
      0.0,
      0.0
    ],
    [
      0.0,
      0.0,
      0.0,
      0.0,
      0.0,
      0.0,
      0.0,
      0.0
    ]
  ],
  "class_names": [
    "Apple Red 1",
    "Avocado 1",
    "Banana 1",
    "Kiwi 1",
    "Orange 1",
    "Pineapple 1",
    "Strawberry 1",
    "Tomato 1"
  ]
}